0x8B0890,CP,Object type (Plist),Palette (Plist),Tile Config (Plist),Map Pointer (Plist),Tile Animation 1,Tile Animation 2,Tile Changes (Plist),Fog Level,Enable Battle Prep? (X),Chapter Title,Chapter title image 2 (X).,Initial coord,B17,Weather,Battle Backgrounds,Difficulty,Player Phase BGM,Enemy Phase BGM,NPC BGM,Player Battle BGM,Enemy Battle BGM,Ally Battle BGM,Player Phase BGM Flag 4,Enemy Phase BGM Flag 4,???,???,???,Destructible Wall HP,B45,B46,B47,B48,B49,B50,B51,B52,B53,B54,B55,B56,B57,B58,B59,B60,??,W62,W64,W66,W68,W70,W72,W74,W76,W78,W80,W82,W84,W86,W88,W90,W92,??,D96,D100,D104,D108,Map Name 1,Map Name 2 (X),Event ID (Plist),World Map Event,??,B119,B120,B121,??,B123,B124,B125,??,B127,Chapter Number,??,B130,B131,??,B133,VictoryBGM(# Foes Left),Dark Before Initial Event,Clear Condition,Detailed Clear Condition,Mini-Objective Display,Turns to Defend,Unit to Defend,Withdrawal Point,B144,??,??,??
00 Ch1 C1: Another Day,0x081C32C8,0x01,0x38,0x03,0x04,0x00,0x00,0x06,0x00,0x00,0x00,0x00,0x01,0x00,0x00,0x00,0x0130,0x12,0x13,0x0F,0x19,0x1A,0x19,0x09,0xFFFF,0x0B,0xFFFF,0xFFFF,0x32,0x05,0x05,0x05,0x05,0x06,0x06,0x06,0x06,0x07,0x07,0x07,0x07,0x08,0x08,0x08,0x08,0x00,0x64,0x64,0x64,0x64,0x50,0x50,0x50,0x50,0x3C,0x3C,0x3C,0x3C,0x28,0x28,0x28,0x28,0x00,0x0424,0x0424,0x0424,0x0424,0x0160,0x0160,0x07,0x01,0x00,0x00,0x00,0x00,0x00,0x00,0x00,0x00,0x00,0x00,0x02,0x00,0xFF,0xFF,0x00,0x00,0x01,0x01,0x01A2,0x019D,0x00,0x00,0x00,0xFF,0x00,0x1D,0x00,0x00
01 Ch1 C2: Three Swordfighters,0x081C32CC,0x01,0x38,0x03,0x08,0x05,0x00,0x09,0x00,0x00,0x01,0x00,0x01,0x00,0x00,0x00,0x0240,0x12,0x13,0x0F,0x19,0x1A,0x19,0xFFFF,0xFFFF,0x0B,0xFFFF,0xFFFF,0x32,0x05,0x05,0x05,0x05,0x06,0x06,0x06,0x06,0x07,0x07,0x07,0x07,0x08,0x08,0x08,0x08,0x00,0x64,0x64,0x64,0x64,0x50,0x50,0x50,0x50,0x3C,0x3C,0x3C,0x3C,0x28,0x28,0x28,0x28,0x00,0x0424,0x0424,0x0424,0x0424,0x0161,0x0161,0x0A,0x02,0x00,0x00,0x00,0x00,0x00,0x00,0x00,0x00,0x00,0x00,0x02,0x00,0xFF,0xFF,0x00,0x00,0x01,0x00,0x01A3,0x019F,0x03,0x00,0x00,0xFF,0x00,0x18,0x00,0x00
02 Ch3 C3: Disturbed Slumber,0x081C32D0,0x01,0x5B,0x03,0x0B,0x05,0x00,0x0C,0x00,0x00,0x02,0x00,0x01,0x00,0x00,0x0E,0x0250,0x0B,0x16,0x0F,0x19,0x1A,0x19,0xFFFF,0xFFFF,0x0B,0xFFFF,0xFFFF,0x14,0x05,0x05,0x05,0x05,0x06,0x06,0x06,0x06,0x07,0x07,0x07,0x07,0x08,0x08,0x08,0x08,0x00,0x64,0x64,0x64,0x64,0x50,0x50,0x50,0x50,0x3C,0x3C,0x3C,0x3C,0x28,0x28,0x28,0x28,0x00,0x0424,0x0424,0x0424,0x0424,0x0162,0x0162,0x0D,0x03,0x00,0x00,0x00,0x00,0x00,0x00,0x00,0x00,0x00,0x00,0x06,0x00,0xFF,0xFF,0x00,0x00,0x01,0x01,0x01A4,0x019E,0x04,0x00,0x00,0x06,0x19,0x03,0x00,0x00
03 Ch4 C4: The Sage Lord,0x081C32D4,0x0E,0x72,0x10,0x11,0x12,0x00,0x13,0x00,0x00,0x03,0x00,0x08,0x0A,0x00,0x06,0x0260,0x5F,0xAD,0x0F,0x19,0x1A,0x19,0xFFFF,0xFFFF,0x0B,0xFFFF,0xFFFF,0x19,0x05,0x05,0x05,0x05,0x06,0x06,0x06,0x06,0x07,0x07,0x07,0x07,0x08,0x08,0x08,0x08,0x00,0x64,0x64,0x64,0x64,0x50,0x50,0x50,0x50,0x3C,0x3C,0x3C,0x3C,0x28,0x28,0x28,0x28,0x00,0x0424,0x0424,0x0424,0x0424,0x0163,0x0163,0x14,0x04,0x00,0x00,0x00,0x00,0x00,0x00,0x00,0x00,0x00,0x00,0x08,0x00,0xFF,0xFF,0x00,0x00,0x00,0x01,0x01A5,0x01A1,0x02,0x0A,0x17,0xFF,0x00,0x28,0x00,0x00
04 Ch4x C4x: Turnabout,0x081C32D8,0x01,0x38,0x03,0x15,0x05,0x00,0x16,0x00,0x00,0x04,0x00,0x01,0x00,0x00,0x00,0x0250,0x59,0x14,0x0F,0x19,0x1A,0x19,0xFFFF,0xFFFF,0x0B,0xFFFF,0xFFFF,0x32,0x05,0x05,0x05,0x05,0x06,0x06,0x06,0x06,0x07,0x07,0x07,0x07,0x08,0x08,0x08,0x08,0x00,0x64,0x64,0x64,0x64,0x50,0x50,0x50,0x50,0x3C,0x3C,0x3C,0x3C,0x28,0x28,0x28,0x28,0x00,0x0424,0x0424,0x0424,0x0424,0x0164,0x0164,0x17,0x05,0x00,0x00,0x00,0x00,0x00,0x00,0x00,0x00,0x00,0x00,0x09,0x00,0xFF,0xFF,0x00,0x00,0x01,0x00,0x01A6,0x100D,0x04,0x00,0x00,0x1D,0x06,0x18,0x00,0x00
05 Ch5 Unbroken Heart,0x081C32DC,0x18,0x19,0x1A,0x1B,0x1C,0x00,0x1D,0x00,0x00,0x05,0x00,0x01,0x00,0x00,0x00,0x32,0x0B,0x13,0x0F,0x0B,0x13,0x0F,0xFFFF,0xFFFF,0x0B,0xFFFF,0xFFFF,0x32,0x05,0x05,0x05,0x05,0x06,0x06,0x06,0x06,0x07,0x07,0x07,0x07,0x08,0x08,0x08,0x08,0x00,0x64,0x64,0x64,0x64,0x50,0x50,0x50,0x50,0x3C,0x3C,0x3C,0x3C,0x28,0x28,0x28,0x28,0x00,0x0424,0x0424,0x0424,0x0424,0x0165,0x0165,0x1E,0x06,0x00,0x00,0x00,0x00,0x00,0x00,0x00,0x00,0x00,0x00,0x0A,0x00,0xFF,0xFF,0x00,0x00,0x01,0x01,0x01A8,0x01A1,0x00,0x00,0x00,0xFF,0x00,0x0C,0x00,0x00
06 Ch5 C5: Twilight's Grasp,0x081C32E0,0x01,0x38,0x03,0x1F,0x05,0x00,0x20,0x00,0x00,0x06,0x00,0x07,0x04,0x00,0x00,0x0360,0x5F,0xAD,0x0F,0x19,0x1A,0x19,0xFFFF,0xFFFF,0x0B,0xFFFF,0xFFFF,0x32,0x05,0x05,0x05,0x05,0x06,0x06,0x06,0x06,0x07,0x07,0x07,0x07,0x08,0x08,0x08,0x08,0x00,0x64,0x64,0x64,0x64,0x50,0x50,0x50,0x50,0x3C,0x3C,0x3C,0x3C,0x28,0x28,0x28,0x28,0x00,0x0424,0x0424,0x0424,0x0424,0x0166,0x0166,0x21,0x07,0x00,0x00,0x00,0x00,0x00,0x00,0x00,0x00,0x00,0x00,0x0A,0x00,0xFF,0xFF,0x00,0x00,0x01,0x00,0x01A7,0x1024,0x00,0x00,0x00,0x05,0x00,0x05,0x00,0x00
07 Ch6 C6: Undying Hatred,0x081C32E4,0x3C,0x68,0x3E,0x22,0x00,0x00,0x23,0x04,0x00,0x07,0x00,0x08,0x08,0x00,0x0A,0x0170,0x11,0x18,0x11,0x19,0x1A,0x19,0xFFFF,0xFFFF,0x0B,0xFFFF,0xFFFF,0x32,0x05,0x05,0x05,0x05,0x06,0x06,0x06,0x06,0x07,0x07,0x07,0x07,0x08,0x08,0x08,0x08,0x00,0x64,0x64,0x64,0x64,0x50,0x50,0x50,0x50,0x3C,0x3C,0x3C,0x3C,0x28,0x28,0x28,0x28,0x00,0x0424,0x0424,0x0424,0x0424,0x0167,0x0167,0x24,0x08,0x00,0x00,0x00,0x00,0x00,0x00,0x00,0x00,0x00,0x00,0x0C,0x00,0xFF,0xFF,0x00,0x00,0x01,0x01,0x01A9,0x01A9,0x00,0x00,0x00,0xFF,0x00,0x1A,0x00,0x00
08 Ch7 C7: Deserter's Lament,0x081C32E8,0x0E,0xEA,0x10,0x25,0x12,0x00,0x26,0x00,0x00,0x08,0x00,0x08,0x10,0x00,0x03,0x0160,0x0A,0x14,0x0F,0x92,0x93,0x92,0xFFFF,0xFFFF,0x0B,0xFFFF,0xFFFF,0x32,0x05,0x05,0x05,0x05,0x06,0x06,0x06,0x06,0x07,0x07,0x07,0x07,0x08,0x08,0x08,0x08,0x00,0x64,0x64,0x64,0x64,0x50,0x50,0x50,0x50,0x3C,0x3C,0x3C,0x3C,0x28,0x28,0x28,0x28,0x00,0x0424,0x0424,0x0424,0x0424,0x0168,0x0168,0x27,0x09,0x00,0x00,0x00,0x00,0x00,0x00,0x00,0x00,0x00,0x00,0x0E,0x00,0xFF,0xFF,0x00,0x00,0x01,0x01,0x1034,0x1081,0x02,0x0D,0x00,0xFF,0x00,0x18,0x00,0x00
09 Ch8 C8: Feather In The Blizzard,0x081C32EC,0x01,0x02,0x03,0x28,0x05,0x00,0x29,0x00,0x00,0x09,0x00,0x03,0x02,0x02,0x01,0x0260,0x64,0x5D,0x0F,0x92,0x93,0x92,0xFFFF,0xFFFF,0x0B,0xFFFF,0xFFFF,0x19,0x05,0x05,0x05,0x05,0x06,0x06,0x06,0x06,0x07,0x07,0x07,0x07,0x08,0x08,0x08,0x08,0x00,0x64,0x64,0x64,0x64,0x50,0x50,0x50,0x50,0x3C,0x3C,0x3C,0x3C,0x28,0x28,0x28,0x28,0x00,0x0424,0x0424,0x0424,0x0424,0x0169,0x0169,0x2A,0x0A,0x00,0x00,0x00,0x00,0x00,0x00,0x00,0x00,0x00,0x00,0x10,0x00,0xFF,0xFF,0x00,0x00,0x01,0x01,0x1051,0x1052,0x03,0x00,0xCF,0xFF,0x00,0x0C,0x00,0x00
0A Ch9 C9: Lightning Ruler,0x081C32F0,0x88,0x89,0x8A,0x2B,0x00,0x00,0x2C,0x00,0x00,0x0A,0x00,0x12,0x0D,0x01,0x01,0x0260,0x64,0x5D,0x0F,0x92,0x93,0x92,0xFFFF,0xFFFF,0x0B,0xFFFF,0xFFFF,0x32,0x05,0x05,0x05,0x05,0x06,0x06,0x06,0x06,0x07,0x07,0x07,0x07,0x08,0x08,0x08,0x08,0x00,0x64,0x64,0x64,0x64,0x50,0x50,0x50,0x50,0x3C,0x3C,0x3C,0x3C,0x28,0x28,0x28,0x28,0x00,0x0424,0x0424,0x0424,0x0424,0x016A,0x016A,0x2D,0x0B,0x00,0x00,0x00,0x00,0x00,0x00,0x00,0x00,0x00,0x00,0x12,0x00,0xFF,0xFF,0x00,0x00,0x01,0x00,0x106D,0x106E,0x04,0x00,0x24,0xFF,0x00,0x07,0x00,0x00
0B Ch10 C10: Knife In The Dark,0x081C32F4,0x88,0x89,0x8A,0x31,0x00,0x00,0x32,0x00,0x00,0x0B,0x00,0x08,0x0F,0x00,0x0F,0x0240,0xB2,0xC1,0x0F,0x92,0x93,0x92,0xFFFF,0xFFFF,0x0B,0xFFFF,0xFFFF,0x1E,0x05,0x05,0x05,0x05,0x06,0x06,0x06,0x06,0x07,0x07,0x07,0x07,0x08,0x08,0x08,0x08,0x00,0x64,0x64,0x64,0x64,0x50,0x50,0x50,0x50,0x3C,0x3C,0x3C,0x3C,0x28,0x28,0x28,0x28,0x00,0x0424,0x0424,0x0424,0x0424,0x016B,0x016B,0x33,0x0C,0x00,0x00,0x00,0x00,0x00,0x00,0x00,0x00,0x00,0x00,0x14,0x00,0xFF,0xFF,0x00,0x00,0x01,0x01,0x01A4,0x019E,0x04,0x00,0x00,0xFF,0x00,0x1D,0x00,0x00
0C Ch12 Interlude: Drifting,0x081C32F8,0x03,0x04,0x05,0x35,0x06,0x00,0x36,0x00,0x00,0x0C,0x00,0x08,0x16,0x00,0x12,0x0240,0xBB,0x14,0x0F,0x0A,0x14,0x0F,0xFFFF,0xFFFF,0x0B,0xFFFF,0xFFFF,0x32,0x05,0x05,0x05,0x05,0x06,0x06,0x06,0x06,0x07,0x07,0x07,0x07,0x08,0x08,0x08,0x08,0x00,0x64,0x64,0x64,0x64,0x50,0x50,0x50,0x50,0x3C,0x3C,0x3C,0x3C,0x28,0x28,0x28,0x28,0x00,0x0424,0x0424,0x0424,0x0424,0x016C,0x016C,0x37,0x0D,0x00,0x00,0x00,0x00,0x00,0x00,0x00,0x00,0x00,0x00,0x18,0x00,0xFF,0xFF,0x00,0x00,0x00,0x01,0x10A6,0x01AF,0x04,0x00,0x00,0xFF,0x00,0x1D,0x00,0x00
0D Ch11 C11: Search For Answers,0x081C32FC,0x88,0x89,0x8A,0x39,0x00,0x00,0x3A,0x00,0x00,0x0D,0x00,0x08,0x08,0x01,0x01,0x0250,0x64,0x5D,0x0F,0x92,0x93,0x92,0xFFFF,0xFFFF,0x0B,0xFFFF,0xFFFF,0x32,0x05,0x05,0x05,0x05,0x06,0x06,0x06,0x06,0x07,0x07,0x07,0x07,0x08,0x08,0x08,0x08,0x00,0x64,0x64,0x64,0x64,0x50,0x50,0x50,0x50,0x3C,0x3C,0x3C,0x3C,0x28,0x28,0x28,0x28,0x00,0x0424,0x0424,0x0424,0x0424,0x016D,0x016D,0x3B,0x0E,0x00,0x00,0x00,0x00,0x00,0x00,0x00,0x00,0x00,0x00,0x16,0x00,0xFF,0xFF,0x00,0x00,0x01,0x01,0x01B0,0x10A5,0x00,0x0C,0x00,0xFF,0x00,0x18,0x00,0x00
0E Ch12 C12: Artillery Onslaught,0x081C3300,0x01,0x02,0x03,0x3F,0x05,0x00,0x40,0x00,0x00,0x0E,0x00,0x01,0x00,0x00,0x01,0x0230,0x64,0x5D,0x0F,0x92,0x93,0x92,0xFFFF,0xFFFF,0x0B,0xFFFF,0xFFFF,0x32,0x05,0x05,0x05,0x05,0x06,0x06,0x06,0x06,0x07,0x07,0x07,0x07,0x08,0x08,0x08,0x08,0x00,0x64,0x64,0x64,0x64,0x50,0x50,0x50,0x50,0x3C,0x3C,0x3C,0x3C,0x28,0x28,0x28,0x28,0x00,0x0424,0x0424,0x0424,0x0424,0x016E,0x016E,0x41,0x0F,0x00,0x00,0x00,0x00,0x00,0x00,0x00,0x00,0x00,0x00,0x18,0x00,0xFF,0xFF,0x00,0x00,0x01,0x01,0x10BC,0x10BC,0x03,0x00,0x00,0xFF,0x00,0x2A,0x00,0x00
0F Ch13 C13: Backs Against the Wall,0x081C3304,0x03,0x04,0x05,0x45,0x06,0x00,0x46,0x00,0x00,0x0F,0x00,0x09,0x15,0x01,0x01,0x0250,0x64,0x5D,0x15,0x92,0x93,0x93,0xFFFF,0xFFFF,0x0B,0xFFFF,0xFFFF,0x28,0x05,0x05,0x05,0x05,0x06,0x06,0x06,0x06,0x07,0x07,0x07,0x07,0x08,0x08,0x08,0x08,0x00,0x64,0x64,0x64,0x64,0x50,0x50,0x50,0x50,0x3C,0x3C,0x3C,0x3C,0x28,0x28,0x28,0x28,0x00,0x0424,0x0424,0x0424,0x0424,0x016F,0x016F,0x47,0x10,0x00,0x00,0x00,0x00,0x00,0x00,0x00,0x00,0x00,0x00,0x1A,0x00,0xFF,0xFF,0x00,0x00,0x01,0x01,0x01B2,0x01A0,0x02,0x10,0x00,0xFF,0x00,0x30,0x00,0x00
10 Ch14 C14: Shekhin's Deliverance,0x081C3308,0x88,0x89,0x8A,0x49,0x00,0x00,0x4A,0x00,0x00,0x10,0x00,0x0B,0x18,0x01,0x01,0x0240,0xC4,0x15,0xBB,0xC4,0x15,0xBB,0xFFFF,0xFFFF,0x0B,0xFFFF,0xFFFF,0x1E,0x05,0x05,0x05,0x05,0x06,0x06,0x06,0x06,0x07,0x07,0x07,0x07,0x08,0x08,0x08,0x08,0x00,0x64,0x64,0x64,0x64,0x50,0x50,0x50,0x50,0x3C,0x3C,0x3C,0x3C,0x28,0x28,0x28,0x28,0x00,0x0424,0x0424,0x0424,0x0424,0x0170,0x0170,0x4B,0x11,0x00,0x00,0x00,0x00,0x00,0x00,0x00,0x00,0x00,0x00,0x1C,0x00,0xFF,0xFF,0x00,0x00,0x01,0x01,0x01B3,0x01A9,0x00,0x00,0xCD,0xFF,0x00,0x0C,0x00,0x00
11 Ch17 River of Regrets,0x081C330C,0x01,0x4C,0x03,0x4D,0x05,0x00,0x4E,0x00,0x00,0x11,0x00,0x01,0x00,0x00,0x14,0x0244,0x0D,0x15,0x0F,0x0D,0x15,0x0F,0xFFFF,0xFFFF,0x0B,0xFFFF,0xFFFF,0x32,0x05,0x05,0x05,0x05,0x06,0x06,0x06,0x06,0x07,0x07,0x07,0x07,0x08,0x08,0x08,0x08,0x00,0x64,0x64,0x64,0x64,0x50,0x50,0x50,0x50,0x3C,0x3C,0x3C,0x3C,0x28,0x28,0x28,0x28,0x00,0x0424,0x0424,0x0424,0x0424,0x0171,0x0171,0x4F,0x12,0x00,0x00,0x00,0x00,0x00,0x00,0x00,0x00,0x00,0x00,0x22,0x00,0xFF,0xFF,0x00,0x00,0x01,0x01,0x01B4,0x019D,0x03,0x00,0x00,0xFF,0x00,0x18,0x00,0x00
12 Ch18 Two Faces of Evil,0x081C3310,0x50,0x51,0x52,0x53,0x00,0x54,0x55,0x00,0x00,0x12,0x00,0x01,0x1B,0x00,0x02,0x0244,0x0D,0x15,0x0F,0x0D,0x15,0x0F,0xFFFF,0xFFFF,0x0B,0xFFFF,0xFFFF,0x32,0x05,0x05,0x05,0x05,0x06,0x06,0x06,0x06,0x07,0x07,0x07,0x07,0x08,0x08,0x08,0x08,0x00,0x64,0x64,0x64,0x64,0x50,0x50,0x50,0x50,0x3C,0x3C,0x3C,0x3C,0x28,0x28,0x28,0x28,0x00,0x0424,0x0424,0x0424,0x0424,0x0172,0x0172,0x56,0x13,0x00,0x00,0x00,0x00,0x00,0x00,0x00,0x00,0x00,0x00,0x24,0x00,0xFF,0xFF,0x00,0x00,0x01,0x01,0x01B5,0x019E,0x01,0x00,0x00,0xFF,0x00,0x32,0x00,0x00
13 Ch19 Last Hope,0x081C3314,0x18,0x57,0x1A,0x58,0x1C,0x00,0x59,0x03,0x00,0x13,0x00,0x11,0x0B,0x00,0x11,0x0244,0x11,0x18,0x11,0x11,0x18,0x11,0xFFFF,0xFFFF,0x0B,0xFFFF,0xFFFF,0x32,0x05,0x05,0x05,0x05,0x06,0x06,0x06,0x06,0x07,0x07,0x07,0x07,0x08,0x08,0x08,0x08,0x00,0x64,0x64,0x64,0x64,0x50,0x50,0x50,0x50,0x3C,0x3C,0x3C,0x3C,0x28,0x28,0x28,0x28,0x00,0x0424,0x0424,0x0424,0x0424,0x0173,0x0173,0x5A,0x14,0x00,0x00,0x00,0x00,0x00,0x00,0x00,0x00,0x00,0x00,0x26,0x00,0xFF,0xFF,0x00,0x00,0x01,0x01,0x01B6,0x019C,0x02,0x0E,0xC8,0xFF,0x00,0x0B,0x00,0x00
14 Ch20 Darkling Woods,0x081C3318,0x01,0x5B,0x03,0x5C,0x05,0x00,0x5D,0x00,0x00,0x14,0x00,0x0C,0x0C,0x00,0x0D,0x0244,0x0D,0x15,0x0F,0x0D,0x15,0x0F,0xFFFF,0xFFFF,0x0B,0xFFFF,0xFFFF,0x32,0x05,0x05,0x05,0x05,0x06,0x06,0x06,0x06,0x07,0x07,0x07,0x07,0x08,0x08,0x08,0x08,0x00,0x64,0x64,0x64,0x64,0x50,0x50,0x50,0x50,0x3C,0x3C,0x3C,0x3C,0x28,0x28,0x28,0x28,0x00,0x0424,0x0424,0x0424,0x0424,0x0174,0x0174,0x5E,0x15,0x00,0x00,0x00,0x00,0x00,0x00,0x00,0x00,0x00,0x00,0x28,0x00,0xFF,0xFF,0x00,0x00,0x01,0x01,0x01B7,0x01A0,0x00,0x00,0x00,0xFF,0x00,0x31,0x00,0x00
15 Ch21 Sacred Stone,0x081C331C,0x5F,0x60,0x61,0x62,0x00,0x00,0x63,0x00,0x00,0x15,0x00,0x0C,0x14,0x00,0x0D,0x0244,0x0E,0x16,0x0F,0x0E,0x16,0x0F,0xFFFF,0xFFFF,0x0B,0xFFFF,0xFFFF,0x32,0x05,0x05,0x05,0x05,0x06,0x06,0x06,0x06,0x07,0x07,0x07,0x07,0x08,0x08,0x08,0x08,0x00,0x64,0x64,0x64,0x64,0x50,0x50,0x50,0x50,0x3C,0x3C,0x3C,0x3C,0x28,0x28,0x28,0x28,0x00,0x0424,0x0424,0x0424,0x0424,0x0175,0x0175,0x64,0x16,0x00,0x00,0x00,0x00,0x00,0x00,0x00,0x00,0x00,0x00,0x2A,0x00,0xFF,0xFF,0x00,0x00,0x00,0x01,0x01B8,0x019D,0x03,0x00,0x00,0xFF,0x00,0x34,0x00,0x00
16 Ch22 Sacred Stone,0x081C3320,0x5F,0x60,0x61,0x65,0x00,0x00,0x66,0x00,0x00,0x16,0x00,0x0C,0x06,0x00,0x0D,0x0244,0x45,0x16,0x0F,0x45,0x16,0x0F,0xFFFF,0xFFFF,0x0B,0xFFFF,0xFFFF,0x32,0x05,0x05,0x05,0x05,0x06,0x06,0x06,0x06,0x07,0x07,0x07,0x07,0x08,0x08,0x08,0x08,0x00,0x64,0x64,0x64,0x64,0x50,0x50,0x50,0x50,0x3C,0x3C,0x3C,0x3C,0x28,0x28,0x28,0x28,0x00,0x0424,0x0424,0x0424,0x0424,0x0176,0x0176,0x67,0x17,0x00,0x00,0x00,0x00,0x00,0x00,0x00,0x00,0x00,0x00,0x2C,0x00,0xFF,0xFF,0x00,0x00,0x00,0x01,0x01B9,0x019D,0x03,0x00,0x00,0xFF,0x00,0x34,0x00,0x00
17 Ch23 Fort Rigwald,0x081C3328,0x3C,0x68,0x3E,0x69,0x00,0x00,0x6A,0x00,0x00,0x17,0x00,0x13,0x0A,0x00,0x0A,0x0234,0x0C,0x14,0x0F,0x0C,0x14,0x0F,0xFFFF,0xFFFF,0x0B,0xFFFF,0xFFFF,0x32,0x05,0x05,0x05,0x05,0x06,0x06,0x06,0x06,0x07,0x07,0x07,0x07,0x08,0x08,0x08,0x08,0x00,0x64,0x64,0x64,0x64,0x50,0x50,0x50,0x50,0x3C,0x3C,0x3C,0x3C,0x28,0x28,0x28,0x28,0x00,0x0424,0x0424,0x0424,0x0424,0x0177,0x0177,0x6B,0x18,0x00,0x00,0x00,0x00,0x00,0x00,0x00,0x00,0x00,0x00,0x2E,0x00,0xFF,0xFF,0x00,0x00,0x01,0x01,0x01BA,0x01A1,0x00,0x00,0x00,0xFF,0x00,0x26,0x00,0x00
18 Ch24 Turning Traitor,0x081C332C,0x6C,0x6D,0x6E,0x6F,0x05,0x00,0x70,0x00,0x00,0x18,0x00,0x01,0x00,0x00,0x13,0x0234,0x0C,0x14,0x0F,0x0C,0x14,0x0F,0xFFFF,0xFFFF,0x0B,0xFFFF,0xFFFF,0x32,0x05,0x05,0x05,0x05,0x06,0x06,0x06,0x06,0x07,0x07,0x07,0x07,0x08,0x08,0x08,0x08,0x00,0x64,0x64,0x64,0x64,0x50,0x50,0x50,0x50,0x3C,0x3C,0x3C,0x3C,0x28,0x28,0x28,0x28,0x00,0x0424,0x0424,0x0424,0x0424,0x0178,0x0178,0x71,0x19,0x00,0x00,0x00,0x00,0x00,0x00,0x00,0x00,0x00,0x00,0x30,0x00,0xFF,0xFF,0x00,0x00,0x01,0x01,0x01BB,0x019C,0x02,0x0B,0x1D,0xFF,0x00,0x07,0x00,0x00
19 Ch26 Landing at Taizel,0x081C3330,0x0E,0x72,0x10,0x73,0x12,0x00,0x74,0x00,0x00,0x19,0x00,0x08,0x15,0x00,0x07,0x0234,0x0C,0x14,0x0F,0x0C,0x14,0x0F,0xFFFF,0xFFFF,0x0B,0xFFFF,0xFFFF,0x32,0x05,0x05,0x05,0x05,0x06,0x06,0x06,0x06,0x07,0x07,0x07,0x07,0x08,0x08,0x08,0x08,0x00,0x64,0x64,0x64,0x64,0x50,0x50,0x50,0x50,0x3C,0x3C,0x3C,0x3C,0x28,0x28,0x28,0x28,0x00,0x0424,0x0424,0x0424,0x0424,0x0179,0x0179,0x75,0x1A,0x00,0x00,0x00,0x00,0x00,0x00,0x00,0x00,0x00,0x00,0x34,0x00,0xFF,0xFF,0x00,0x00,0x01,0x01,0x01BD,0x019D,0x03,0x00,0x00,0xFF,0x00,0x07,0x00,0x00
1A Ch27 Fluorspar's Oath,0x081C3334,0x01,0x02,0x03,0x76,0x05,0x00,0x77,0x00,0x00,0x1A,0x00,0x0F,0x0E,0x00,0x00,0x0234,0x0C,0x14,0x0F,0x0C,0x14,0x0F,0xFFFF,0xFFFF,0x0B,0xFFFF,0xFFFF,0x32,0x05,0x05,0x05,0x05,0x06,0x06,0x06,0x06,0x07,0x07,0x07,0x07,0x08,0x08,0x08,0x08,0x00,0x64,0x64,0x64,0x64,0x50,0x50,0x50,0x50,0x3C,0x3C,0x3C,0x3C,0x28,0x28,0x28,0x28,0x00,0x0424,0x0424,0x0424,0x0424,0x017A,0x017A,0x78,0x1B,0x00,0x00,0x00,0x00,0x00,0x00,0x00,0x00,0x00,0x00,0x36,0x00,0xFF,0xFF,0x00,0x00,0x01,0x00,0x01BE,0x019E,0x01,0x00,0x00,0xFF,0x00,0x18,0x00,0x00
1B Ch28 Father and Son,0x081C3338,0x79,0x7A,0x7B,0x7C,0x7D,0x00,0x7E,0x00,0x00,0x1B,0x00,0x01,0x00,0x00,0x0F,0x0234,0x0C,0x14,0x0F,0x0C,0x14,0x0F,0xFFFF,0xFFFF,0x0B,0xFFFF,0xFFFF,0x32,0x05,0x05,0x05,0x05,0x06,0x06,0x06,0x06,0x07,0x07,0x07,0x07,0x08,0x08,0x08,0x08,0x00,0x64,0x64,0x64,0x64,0x50,0x50,0x50,0x50,0x3C,0x3C,0x3C,0x3C,0x28,0x28,0x28,0x28,0x00,0x0424,0x0424,0x0424,0x0424,0x017B,0x017B,0x7F,0x1C,0x00,0x00,0x00,0x00,0x00,0x00,0x00,0x00,0x00,0x00,0x38,0x00,0xFF,0xFF,0x00,0x00,0x01,0x01,0x01BF,0x01A1,0x00,0x00,0x00,0xFF,0x00,0x0C,0x00,0x00
1C Ch29 Scorched Sand,0x081C333C,0x42,0x43,0x44,0x45,0x05,0x00,0x46,0x00,0x00,0x1C,0x00,0x0D,0x04,0x00,0x09,0x0244,0x0C,0x14,0x0F,0x0C,0x14,0x0F,0xFFFF,0xFFFF,0x0B,0xFFFF,0xFFFF,0x32,0x05,0x05,0x05,0x05,0x06,0x06,0x06,0x06,0x07,0x07,0x07,0x07,0x08,0x08,0x08,0x08,0x00,0x64,0x64,0x64,0x64,0x50,0x50,0x50,0x50,0x3C,0x3C,0x3C,0x3C,0x28,0x28,0x28,0x28,0x00,0x0424,0x0424,0x0424,0x0424,0x017C,0x017C,0x80,0x1D,0x00,0x00,0x00,0x00,0x00,0x00,0x00,0x00,0x00,0x00,0x3A,0x00,0xFF,0xFF,0x00,0x00,0x01,0x01,0x01B2,0x019E,0x01,0x00,0x00,0xFF,0x00,0x30,0x00,0x00
1D Ch30 Ruled by Madness,0x081C3340,0x18,0x48,0x1A,0x49,0x1C,0x00,0x4A,0x00,0x00,0x1D,0x00,0x01,0x00,0x00,0x10,0x0244,0x0D,0x15,0x0F,0x0D,0x15,0x0F,0xFFFF,0xFFFF,0x0B,0xFFFF,0xFFFF,0x32,0x05,0x05,0x05,0x05,0x06,0x06,0x06,0x06,0x07,0x07,0x07,0x07,0x08,0x08,0x08,0x08,0x00,0x64,0x64,0x64,0x64,0x50,0x50,0x50,0x50,0x3C,0x3C,0x3C,0x3C,0x28,0x28,0x28,0x28,0x00,0x0424,0x0424,0x0424,0x0424,0x017D,0x017D,0x81,0x1E,0x00,0x00,0x00,0x00,0x00,0x00,0x00,0x00,0x00,0x00,0x3C,0x00,0xFF,0xFF,0x00,0x00,0x01,0x01,0x01B3,0x01A1,0x00,0x00,0x00,0xFF,0x00,0x0C,0x00,0x00
1E Ch31 River of Regrets,0x081C3344,0x01,0x4C,0x03,0x4D,0x05,0x00,0x4E,0x00,0x00,0x1E,0x00,0x01,0x00,0x00,0x14,0x0244,0x0D,0x15,0x0F,0x0D,0x15,0x0F,0xFFFF,0xFFFF,0x0B,0xFFFF,0xFFFF,0x32,0x05,0x05,0x05,0x05,0x06,0x06,0x06,0x06,0x07,0x07,0x07,0x07,0x08,0x08,0x08,0x08,0x00,0x64,0x64,0x64,0x64,0x50,0x50,0x50,0x50,0x3C,0x3C,0x3C,0x3C,0x28,0x28,0x28,0x28,0x00,0x0424,0x0424,0x0424,0x0424,0x017E,0x017E,0x82,0x1F,0x00,0x00,0x00,0x00,0x00,0x00,0x00,0x00,0x00,0x00,0x3E,0x00,0xFF,0xFF,0x00,0x00,0x01,0x01,0x01B4,0x019D,0x03,0x00,0x00,0xFF,0x00,0x18,0x00,0x00
1F Ch32 Two Faces of Evil,0x081C3348,0x50,0x51,0x52,0x53,0x00,0x54,0x55,0x00,0x00,0x1F,0x00,0x01,0x1B,0x00,0x02,0x0244,0x0D,0x15,0x0F,0x0D,0x15,0x0F,0xFFFF,0xFFFF,0x0B,0xFFFF,0xFFFF,0x32,0x05,0x05,0x05,0x05,0x06,0x06,0x06,0x06,0x07,0x07,0x07,0x07,0x08,0x08,0x08,0x08,0x00,0x64,0x64,0x64,0x64,0x50,0x50,0x50,0x50,0x3C,0x3C,0x3C,0x3C,0x28,0x28,0x28,0x28,0x00,0x0424,0x0424,0x0424,0x0424,0x017F,0x017F,0x83,0x20,0x00,0x00,0x00,0x00,0x00,0x00,0x00,0x00,0x00,0x00,0x40,0x00,0xFF,0xFF,0x00,0x00,0x01,0x01,0x01B5,0x019E,0x01,0x00,0x00,0xFF,0x00,0x32,0x00,0x00
20 Ch33 Last Hope,0x081C334C,0x18,0x57,0x1A,0x58,0x1C,0x00,0x59,0x03,0x00,0x20,0x00,0x11,0x0B,0x00,0x11,0x0244,0x11,0x18,0x11,0x11,0x18,0x11,0xFFFF,0xFFFF,0x0B,0xFFFF,0xFFFF,0x32,0x05,0x05,0x05,0x05,0x06,0x06,0x06,0x06,0x07,0x07,0x07,0x07,0x08,0x08,0x08,0x08,0x00,0x64,0x64,0x64,0x64,0x50,0x50,0x50,0x50,0x3C,0x3C,0x3C,0x3C,0x28,0x28,0x28,0x28,0x00,0x0424,0x0424,0x0424,0x0424,0x0180,0x0180,0x84,0x21,0x00,0x00,0x00,0x00,0x00,0x00,0x00,0x00,0x00,0x00,0x42,0x00,0xFF,0xFF,0x00,0x00,0x01,0x01,0x01B6,0x019C,0x02,0x0E,0xC8,0xFF,0x00,0x0C,0x00,0x00
21 Ch34 Darkling Woods,0x081C3350,0x01,0x5B,0x03,0x5C,0x05,0x00,0x5D,0x00,0x00,0x21,0x00,0x0C,0x0C,0x00,0x0D,0x0244,0x0D,0x15,0x0F,0x0D,0x15,0x0F,0xFFFF,0xFFFF,0x0B,0xFFFF,0xFFFF,0x32,0x05,0x05,0x05,0x05,0x06,0x06,0x06,0x06,0x07,0x07,0x07,0x07,0x08,0x08,0x08,0x08,0x00,0x64,0x64,0x64,0x64,0x50,0x50,0x50,0x50,0x3C,0x3C,0x3C,0x3C,0x28,0x28,0x28,0x28,0x00,0x0424,0x0424,0x0424,0x0424,0x0181,0x0181,0x85,0x22,0x00,0x00,0x00,0x00,0x00,0x00,0x00,0x00,0x00,0x00,0x44,0x00,0xFF,0xFF,0x00,0x00,0x01,0x01,0x01B7,0x01A0,0x00,0x00,0x00,0xFF,0x00,0x31,0x00,0x00
22 Ch35 Sacred Stone,0x081C3354,0x5F,0x60,0x61,0x62,0x00,0x00,0x63,0x00,0x00,0x22,0x00,0x0C,0x14,0x00,0x0D,0x0244,0x0E,0x16,0x0F,0x0E,0x16,0x0F,0xFFFF,0xFFFF,0x0B,0xFFFF,0xFFFF,0x32,0x05,0x05,0x05,0x05,0x06,0x06,0x06,0x06,0x07,0x07,0x07,0x07,0x08,0x08,0x08,0x08,0x00,0x64,0x64,0x64,0x64,0x50,0x50,0x50,0x50,0x3C,0x3C,0x3C,0x3C,0x28,0x28,0x28,0x28,0x00,0x0424,0x0424,0x0424,0x0424,0x0182,0x0182,0x86,0x23,0x00,0x00,0x00,0x00,0x00,0x00,0x00,0x00,0x00,0x00,0x46,0x00,0xFF,0xFF,0x00,0x00,0x00,0x01,0x01B8,0x019D,0x03,0x00,0x00,0xFF,0x00,0x34,0x00,0x00
23 Ch36 Sacred Stone,0x081C3358,0x5F,0x60,0x61,0x65,0x00,0x00,0x66,0x00,0x00,0x23,0x00,0x0C,0x06,0x00,0x0D,0x0244,0x45,0x16,0x0F,0x45,0x16,0x0F,0xFFFF,0xFFFF,0x0B,0xFFFF,0xFFFF,0x32,0x05,0x05,0x05,0x05,0x06,0x06,0x06,0x06,0x07,0x07,0x07,0x07,0x08,0x08,0x08,0x08,0x00,0x64,0x64,0x64,0x64,0x50,0x50,0x50,0x50,0x3C,0x3C,0x3C,0x3C,0x28,0x28,0x28,0x28,0x00,0x0424,0x0424,0x0424,0x0424,0x0183,0x0183,0x87,0x24,0x00,0x00,0x00,0x00,0x00,0x00,0x00,0x00,0x00,0x00,0x48,0x00,0xFF,0xFF,0x00,0x00,0x00,0x01,0x01B9,0x019D,0x03,0x00,0x00,0xFF,0x00,0x34,0x00,0x00
24 Ch1 Tower of Valni 1,0x081C3360,0x88,0x89,0x8A,0x8B,0x00,0x00,0x8C,0x00,0x00,0x24,0x00,0x01,0x00,0x00,0x0B,0x0234,0x12,0x17,0x0F,0x12,0x17,0x0F,0xFFFF,0xFFFF,0x0B,0xFFFF,0xFFFF,0x32,0x05,0x05,0x05,0x05,0x06,0x06,0x06,0x06,0x07,0x07,0x07,0x07,0x08,0x08,0x08,0x08,0x00,0x64,0x64,0x64,0x64,0x50,0x50,0x50,0x50,0x3C,0x3C,0x3C,0x3C,0x28,0x28,0x28,0x28,0x00,0x0424,0x0424,0x0424,0x0424,0x0184,0x0184,0x8D,0x25,0x00,0x00,0x00,0x00,0x00,0x00,0x00,0x00,0x00,0x00,0x02,0x00,0xFF,0xFF,0x00,0x00,0x01,0x01,0x01C0,0x019E,0x01,0x00,0x00,0xFF,0x00,0x09,0x00,0x00
25 Ch2 Tower of Valni 2,0x081C3364,0x88,0x89,0x8A,0x8E,0x00,0x00,0x8F,0x00,0x00,0x25,0x00,0x01,0x00,0x00,0x0B,0x0234,0x12,0x17,0x0F,0x12,0x17,0x0F,0xFFFF,0xFFFF,0x0B,0xFFFF,0xFFFF,0x32,0x05,0x05,0x05,0x05,0x06,0x06,0x06,0x06,0x07,0x07,0x07,0x07,0x08,0x08,0x08,0x08,0x00,0x64,0x64,0x64,0x64,0x50,0x50,0x50,0x50,0x3C,0x3C,0x3C,0x3C,0x28,0x28,0x28,0x28,0x00,0x0424,0x0424,0x0424,0x0424,0x0185,0x0185,0x90,0x26,0x00,0x00,0x00,0x00,0x00,0x00,0x00,0x00,0x00,0x00,0x04,0x00,0xFF,0xFF,0x00,0x00,0x01,0x01,0x01C0,0x019E,0x01,0x00,0x00,0xFF,0x00,0x09,0x00,0x00
26 Ch3 Tower of Valni 3,0x081C3368,0x88,0x89,0x8A,0x91,0x00,0x00,0x92,0x00,0x00,0x26,0x00,0x01,0x00,0x00,0x0B,0x0234,0x12,0x17,0x0F,0x12,0x17,0x0F,0xFFFF,0xFFFF,0x0B,0xFFFF,0xFFFF,0x32,0x05,0x05,0x05,0x05,0x06,0x06,0x06,0x06,0x07,0x07,0x07,0x07,0x08,0x08,0x08,0x08,0x00,0x64,0x64,0x64,0x64,0x50,0x50,0x50,0x50,0x3C,0x3C,0x3C,0x3C,0x28,0x28,0x28,0x28,0x00,0x0424,0x0424,0x0424,0x0424,0x0186,0x0186,0x93,0x27,0x00,0x00,0x00,0x00,0x00,0x00,0x00,0x00,0x00,0x00,0x06,0x00,0xFF,0xFF,0x00,0x00,0x01,0x01,0x01C0,0x019E,0x01,0x00,0x00,0xFF,0x00,0x09,0x00,0x00
27 Ch4 Tower of Valni 4,0x081C336C,0x88,0x89,0x8A,0x94,0x00,0x00,0x95,0x00,0x00,0x27,0x00,0x01,0x00,0x00,0x0B,0x0234,0x12,0x17,0x0F,0x12,0x17,0x0F,0xFFFF,0xFFFF,0x0B,0xFFFF,0xFFFF,0x32,0x05,0x05,0x05,0x05,0x06,0x06,0x06,0x06,0x07,0x07,0x07,0x07,0x08,0x08,0x08,0x08,0x00,0x64,0x64,0x64,0x64,0x50,0x50,0x50,0x50,0x3C,0x3C,0x3C,0x3C,0x28,0x28,0x28,0x28,0x00,0x0424,0x0424,0x0424,0x0424,0x0187,0x0187,0x96,0x28,0x00,0x00,0x00,0x00,0x00,0x00,0x00,0x00,0x00,0x00,0x08,0x00,0xFF,0xFF,0x00,0x00,0x01,0x01,0x01C0,0x019E,0x01,0x00,0x00,0xFF,0x00,0x09,0x00,0x00
28 Ch5 Tower of Valni 5,0x081C3370,0x88,0x89,0x8A,0x97,0x00,0x00,0x98,0x00,0x00,0x28,0x00,0x01,0x00,0x00,0x0B,0x0234,0x12,0x17,0x0F,0x12,0x17,0x0F,0xFFFF,0xFFFF,0x0B,0xFFFF,0xFFFF,0x32,0x05,0x05,0x05,0x05,0x06,0x06,0x06,0x06,0x07,0x07,0x07,0x07,0x08,0x08,0x08,0x08,0x00,0x64,0x64,0x64,0x64,0x50,0x50,0x50,0x50,0x3C,0x3C,0x3C,0x3C,0x28,0x28,0x28,0x28,0x00,0x0424,0x0424,0x0424,0x0424,0x0188,0x0188,0x99,0x29,0x00,0x00,0x00,0x00,0x00,0x00,0x00,0x00,0x00,0x00,0x0A,0x00,0xFF,0xFF,0x00,0x00,0x01,0x01,0x01C0,0x019E,0x01,0x00,0x00,0xFF,0x00,0x09,0x00,0x00
29 Ch6 Tower of Valni 6,0x081C3374,0x88,0x89,0x8A,0x9A,0x00,0x00,0x9B,0x00,0x00,0x29,0x00,0x01,0x00,0x00,0x0B,0x0234,0x12,0x17,0x0F,0x12,0x17,0x0F,0xFFFF,0xFFFF,0x0B,0xFFFF,0xFFFF,0x32,0x05,0x05,0x05,0x05,0x06,0x06,0x06,0x06,0x07,0x07,0x07,0x07,0x08,0x08,0x08,0x08,0x00,0x64,0x64,0x64,0x64,0x50,0x50,0x50,0x50,0x3C,0x3C,0x3C,0x3C,0x28,0x28,0x28,0x28,0x00,0x0424,0x0424,0x0424,0x0424,0x0189,0x0189,0x9C,0x2A,0x00,0x00,0x00,0x00,0x00,0x00,0x00,0x00,0x00,0x00,0x0C,0x00,0xFF,0xFF,0x00,0x00,0x01,0x01,0x01C0,0x019E,0x01,0x00,0x00,0xFF,0x00,0x09,0x00,0x00
2A Ch7 Tower of Valni 7,0x081C3378,0x88,0x89,0x8A,0x9D,0x00,0x00,0x9E,0x00,0x00,0x2A,0x00,0x01,0x00,0x00,0x0B,0x0234,0x12,0x17,0x0F,0x12,0x17,0x0F,0xFFFF,0xFFFF,0x0B,0xFFFF,0xFFFF,0x32,0x05,0x05,0x05,0x05,0x06,0x06,0x06,0x06,0x07,0x07,0x07,0x07,0x08,0x08,0x08,0x08,0x00,0x64,0x64,0x64,0x64,0x50,0x50,0x50,0x50,0x3C,0x3C,0x3C,0x3C,0x28,0x28,0x28,0x28,0x00,0x0424,0x0424,0x0424,0x0424,0x018A,0x018A,0x9F,0x2B,0x00,0x00,0x00,0x00,0x00,0x00,0x00,0x00,0x00,0x00,0x0E,0x00,0xFF,0xFF,0x00,0x00,0x01,0x01,0x01C0,0x019E,0x01,0x00,0x00,0xFF,0x00,0x09,0x00,0x00
2B Ch8 Tower of Valni 8,0x081C337C,0x88,0x89,0x8A,0xA0,0x00,0x00,0xA1,0x00,0x00,0x2B,0x00,0x01,0x00,0x00,0x0B,0x0234,0x12,0x17,0x0F,0x12,0x17,0x0F,0xFFFF,0xFFFF,0x0B,0xFFFF,0xFFFF,0x32,0x05,0x05,0x05,0x05,0x06,0x06,0x06,0x06,0x07,0x07,0x07,0x07,0x08,0x08,0x08,0x08,0x00,0x64,0x64,0x64,0x64,0x50,0x50,0x50,0x50,0x3C,0x3C,0x3C,0x3C,0x28,0x28,0x28,0x28,0x00,0x0424,0x0424,0x0424,0x0424,0x018B,0x018B,0xA2,0x2C,0x00,0x00,0x00,0x00,0x00,0x00,0x00,0x00,0x00,0x00,0x10,0x00,0xFF,0xFF,0x00,0x00,0x01,0x01,0x01C0,0x019E,0x01,0x00,0x00,0xFF,0x00,0x09,0x00,0x00
2C  Prologue thing,0x081C3380,0x5F,0x60,0x61,0xA0,0x00,0x00,0xA1,0x00,0x00,0x00,0x00,0x01,0x00,0x00,0x0B,0x0234,0xFFFF,0xFFFF,0xFFFF,0xFFFF,0xFFFF,0xFFFF,0xFFFF,0xFFFF,0xFFFF,0xFFFF,0xFFFF,0x32,0x00,0x00,0x00,0x00,0x00,0x00,0x00,0x00,0x00,0x00,0x00,0x00,0x00,0x00,0x00,0x00,0x00,0x00,0x00,0x00,0x00,0x00,0x00,0x00,0x00,0x00,0x00,0x00,0x00,0x00,0x00,0x00,0x00,0x00,0x00,0x00,0x00,0x00,0xCD,0x00,0xC5,0x00,0x00,0x00,0x00,0x00,0x00,0x00,0x00,0x00,0x00,0x00,0x00,0x00,0xFF,0xFF,0x00,0x00,0x00,0x01,0x00,0x00,0x00,0x00,0x00,0xFF,0x00,0x00,0x00,0x00
2D  ,0x081C3380,0x5F,0x60,0x61,0xA0,0x00,0x00,0xA1,0x00,0x00,0x00,0x00,0x01,0x00,0x00,0x0B,0x0234,0xFFFF,0xFFFF,0xFFFF,0xFFFF,0xFFFF,0xFFFF,0xFFFF,0xFFFF,0xFFFF,0xFFFF,0xFFFF,0x32,0x00,0x00,0x00,0x00,0x00,0x00,0x00,0x00,0x00,0x00,0x00,0x00,0x00,0x00,0x00,0x00,0x00,0x00,0x00,0x00,0x00,0x00,0x00,0x00,0x00,0x00,0x00,0x00,0x00,0x00,0x00,0x00,0x00,0x00,0x00,0x00,0x00,0x00,0x00,0x00,0x00,0x00,0x00,0x00,0x00,0x00,0x00,0x00,0x00,0x00,0x00,0x00,0x00,0x00,0xFF,0xFF,0x00,0x00,0x00,0x00,0x00,0x00,0x00,0x00,0x00,0xFF,0x00,0x00,0x00,0x00
2E Ch1 Lagdou Ruins 1,0x081C3384,0x6C,0xA3,0x6E,0xA4,0x05,0x00,0xA5,0x00,0x00,0x2E,0x00,0x01,0x00,0x00,0x0E,0x0244,0x12,0x17,0x0F,0x12,0x17,0x0F,0xFFFF,0xFFFF,0x0B,0xFFFF,0xFFFF,0x32,0x05,0x05,0x05,0x05,0x06,0x06,0x06,0x06,0x07,0x07,0x07,0x07,0x08,0x08,0x08,0x08,0x00,0x64,0x64,0x64,0x64,0x50,0x50,0x50,0x50,0x3C,0x3C,0x3C,0x3C,0x28,0x28,0x28,0x28,0x00,0x0424,0x0424,0x0424,0x0424,0x018E,0x018E,0xA6,0x2D,0x00,0x00,0x00,0x00,0x00,0x00,0x00,0x00,0x00,0x00,0x02,0x00,0xFF,0xFF,0x00,0x00,0x01,0x01,0x01C0,0x019E,0x01,0x00,0x00,0xFF,0x00,0x09,0x00,0x00
2F Ch2 Lagdou Ruins 2,0x081C3388,0x6C,0xA3,0x6E,0xA7,0x05,0x00,0xA8,0x00,0x00,0x2F,0x00,0x01,0x00,0x00,0x0E,0x0244,0x12,0x17,0x0F,0x12,0x17,0x0F,0xFFFF,0xFFFF,0x0B,0xFFFF,0xFFFF,0x32,0x05,0x05,0x05,0x05,0x06,0x06,0x06,0x06,0x07,0x07,0x07,0x07,0x08,0x08,0x08,0x08,0x00,0x64,0x64,0x64,0x64,0x50,0x50,0x50,0x50,0x3C,0x3C,0x3C,0x3C,0x28,0x28,0x28,0x28,0x00,0x0424,0x0424,0x0424,0x0424,0x018F,0x018F,0xA9,0x2E,0x00,0x00,0x00,0x00,0x00,0x00,0x00,0x00,0x00,0x00,0x04,0x00,0xFF,0xFF,0x00,0x00,0x01,0x01,0x01C0,0x019E,0x01,0x00,0x00,0xFF,0x00,0x09,0x00,0x00
30 Ch3 Lagdou Ruins 3,0x081C338C,0x6C,0xA3,0x6E,0xAA,0x05,0x00,0xAB,0x00,0x00,0x30,0x00,0x01,0x00,0x00,0x0E,0x0244,0x12,0x17,0x0F,0x12,0x17,0x0F,0xFFFF,0xFFFF,0x0B,0xFFFF,0xFFFF,0x32,0x05,0x05,0x05,0x05,0x06,0x06,0x06,0x06,0x07,0x07,0x07,0x07,0x08,0x08,0x08,0x08,0x00,0x64,0x64,0x64,0x64,0x50,0x50,0x50,0x50,0x3C,0x3C,0x3C,0x3C,0x28,0x28,0x28,0x28,0x00,0x0424,0x0424,0x0424,0x0424,0x0190,0x0190,0xAC,0x2F,0x00,0x00,0x00,0x00,0x00,0x00,0x00,0x00,0x00,0x00,0x06,0x00,0xFF,0xFF,0x00,0x00,0x01,0x01,0x01C0,0x019E,0x01,0x00,0x00,0xFF,0x00,0x09,0x00,0x00
31 Ch4 Lagdou Ruins 4,0x081C3390,0x6C,0xA3,0x6E,0xAD,0x05,0x00,0xAE,0x00,0x00,0x31,0x00,0x01,0x00,0x00,0x0E,0x0244,0x12,0x17,0x0F,0x12,0x17,0x0F,0xFFFF,0xFFFF,0x0B,0xFFFF,0xFFFF,0x32,0x05,0x05,0x05,0x05,0x06,0x06,0x06,0x06,0x07,0x07,0x07,0x07,0x08,0x08,0x08,0x08,0x00,0x64,0x64,0x64,0x64,0x50,0x50,0x50,0x50,0x3C,0x3C,0x3C,0x3C,0x28,0x28,0x28,0x28,0x00,0x0424,0x0424,0x0424,0x0424,0x0191,0x0191,0xAF,0x30,0x00,0x00,0x00,0x00,0x00,0x00,0x00,0x00,0x00,0x00,0x08,0x00,0xFF,0xFF,0x00,0x00,0x01,0x01,0x01C0,0x019E,0x01,0x00,0x00,0xFF,0x00,0x09,0x00,0x00
32 Ch5 Lagdou Ruins 5,0x081C3394,0x6C,0xA3,0x6E,0xB0,0x05,0x00,0xB1,0x00,0x00,0x32,0x00,0x01,0x00,0x00,0x0E,0x0244,0x12,0x17,0x0F,0x12,0x17,0x0F,0xFFFF,0xFFFF,0x0B,0xFFFF,0xFFFF,0x32,0x05,0x05,0x05,0x05,0x06,0x06,0x06,0x06,0x07,0x07,0x07,0x07,0x08,0x08,0x08,0x08,0x00,0x64,0x64,0x64,0x64,0x50,0x50,0x50,0x50,0x3C,0x3C,0x3C,0x3C,0x28,0x28,0x28,0x28,0x00,0x0424,0x0424,0x0424,0x0424,0x0192,0x0192,0xB2,0x31,0x00,0x00,0x00,0x00,0x00,0x00,0x00,0x00,0x00,0x00,0x0A,0x00,0xFF,0xFF,0x00,0x00,0x01,0x01,0x01C0,0x019E,0x01,0x00,0x00,0xFF,0x00,0x09,0x00,0x00
33 Ch6 Lagdou Ruins 6,0x081C3398,0x6C,0xA3,0x6E,0xB3,0x05,0x00,0xB4,0x00,0x00,0x33,0x00,0x01,0x00,0x00,0x0E,0x0244,0x12,0x17,0x0F,0x12,0x17,0x0F,0xFFFF,0xFFFF,0x0B,0xFFFF,0xFFFF,0x32,0x05,0x05,0x05,0x05,0x06,0x06,0x06,0x06,0x07,0x07,0x07,0x07,0x08,0x08,0x08,0x08,0x00,0x64,0x64,0x64,0x64,0x50,0x50,0x50,0x50,0x3C,0x3C,0x3C,0x3C,0x28,0x28,0x28,0x28,0x00,0x0424,0x0424,0x0424,0x0424,0x0193,0x0193,0xB5,0x32,0x00,0x00,0x00,0x00,0x00,0x00,0x00,0x00,0x00,0x00,0x0C,0x00,0xFF,0xFF,0x00,0x00,0x01,0x01,0x01C0,0x019E,0x01,0x00,0x00,0xFF,0x00,0x09,0x00,0x00
34 Ch7 Lagdou Ruins 7,0x081C339C,0x6C,0xA3,0x6E,0xB6,0x05,0x00,0xB7,0x00,0x00,0x34,0x00,0x01,0x00,0x00,0x0E,0x0244,0x12,0x17,0x0F,0x12,0x17,0x0F,0xFFFF,0xFFFF,0x0B,0xFFFF,0xFFFF,0x32,0x05,0x05,0x05,0x05,0x06,0x06,0x06,0x06,0x07,0x07,0x07,0x07,0x08,0x08,0x08,0x08,0x00,0x64,0x64,0x64,0x64,0x50,0x50,0x50,0x50,0x3C,0x3C,0x3C,0x3C,0x28,0x28,0x28,0x28,0x00,0x0424,0x0424,0x0424,0x0424,0x0194,0x0194,0xB8,0x33,0x00,0x00,0x00,0x00,0x00,0x00,0x00,0x00,0x00,0x00,0x0E,0x00,0xFF,0xFF,0x00,0x00,0x01,0x01,0x01C0,0x019E,0x01,0x00,0x00,0xFF,0x00,0x09,0x00,0x00
35 Ch8 Lagdou Ruins 8,0x081C33A0,0x18,0xB9,0x1A,0xBA,0x1C,0x00,0xBB,0x00,0x00,0x35,0x00,0x01,0x00,0x00,0x0E,0x0244,0x12,0x17,0x0F,0x12,0x17,0x0F,0xFFFF,0xFFFF,0x0B,0xFFFF,0xFFFF,0x32,0x05,0x05,0x05,0x05,0x06,0x06,0x06,0x06,0x07,0x07,0x07,0x07,0x08,0x08,0x08,0x08,0x00,0x64,0x64,0x64,0x64,0x50,0x50,0x50,0x50,0x3C,0x3C,0x3C,0x3C,0x28,0x28,0x28,0x28,0x00,0x0424,0x0424,0x0424,0x0424,0x0195,0x0195,0xBC,0x34,0x00,0x00,0x00,0x00,0x00,0x00,0x00,0x00,0x00,0x00,0x10,0x00,0xFF,0xFF,0x00,0x00,0x01,0x01,0x01C0,0x019E,0x01,0x00,0x00,0xFF,0x00,0x09,0x00,0x00
36 Ch9 Lagdou Ruins 9,0x081C33A4,0x50,0x51,0x52,0xBD,0x00,0x54,0xBE,0x00,0x00,0x36,0x00,0x01,0x00,0x00,0x02,0x0244,0x12,0x17,0x0F,0x12,0x17,0x0F,0xFFFF,0xFFFF,0x0B,0xFFFF,0xFFFF,0x32,0x05,0x05,0x05,0x05,0x06,0x06,0x06,0x06,0x07,0x07,0x07,0x07,0x08,0x08,0x08,0x08,0x00,0x64,0x64,0x64,0x64,0x50,0x50,0x50,0x50,0x3C,0x3C,0x3C,0x3C,0x28,0x28,0x28,0x28,0x00,0x0424,0x0424,0x0424,0x0424,0x0196,0x0196,0xBF,0x35,0x00,0x00,0x00,0x00,0x00,0x00,0x00,0x00,0x00,0x00,0x12,0x00,0xFF,0xFF,0x00,0x00,0x01,0x01,0x01C0,0x019E,0x01,0x00,0x00,0xFF,0x00,0x09,0x00,0x00
37 Ch10 Interlude: Departure,0x081C33A8,0x6C,0xA3,0x6E,0xC0,0x05,0x00,0xC1,0x00,0x00,0x37,0x00,0x01,0x00,0x00,0x0E,0x0244,0x12,0x17,0x0F,0x12,0x17,0x0F,0xFFFF,0xFFFF,0x0B,0xFFFF,0xFFFF,0x32,0x05,0x05,0x05,0x05,0x06,0x06,0x06,0x06,0x07,0x07,0x07,0x07,0x08,0x08,0x08,0x08,0x00,0x64,0x64,0x64,0x64,0x50,0x50,0x50,0x50,0x3C,0x3C,0x3C,0x3C,0x28,0x28,0x28,0x28,0x00,0x0424,0x0424,0x0424,0x0424,0x10AE,0x10AE,0xC5,0x36,0x00,0x00,0x00,0x00,0x00,0x00,0x00,0x00,0x00,0x00,0x14,0x00,0xFF,0xFF,0x00,0x00,0x01,0x01,0x01C0,0x019E,0x01,0x00,0x00,0xFF,0x00,0x09,0x00,0x00
38  Castle Frelia,0x081C33AC,0x01,0x02,0x03,0xC3,0x05,0x00,0xC4,0x00,0x00,0x38,0x00,0x01,0x00,0x00,0x0E,0x0234,0x09,0x13,0x0F,0x09,0x13,0x0F,0xFFFF,0xFFFF,0x0B,0xFFFF,0xFFFF,0x32,0x05,0x05,0x05,0x05,0x06,0x06,0x06,0x06,0x07,0x07,0x07,0x07,0x08,0x08,0x08,0x08,0x00,0x64,0x64,0x64,0x64,0x50,0x50,0x50,0x50,0x3C,0x3C,0x3C,0x3C,0x28,0x28,0x28,0x28,0x00,0x0424,0x0424,0x0424,0x0424,0x0198,0x0198,0xC5,0x37,0x00,0x00,0x00,0x00,0x00,0x00,0x00,0x00,0x00,0x00,0x00,0x00,0xFF,0xFF,0x00,0x00,0x00,0x01,0x01C0,0x019E,0x01,0x00,0x00,0xFF,0x00,0x09,0x00,0x00
39  Melkaen Coast,0x081C33B0,0x01,0x02,0x03,0xC6,0x05,0x00,0xC7,0x00,0x00,0x39,0x00,0x01,0x00,0x00,0x00,0x0234,0x0D,0x15,0x0F,0x0D,0x15,0x0F,0xFFFF,0xFFFF,0x0B,0xFFFF,0xFFFF,0x32,0x05,0x05,0x05,0x05,0x06,0x06,0x06,0x06,0x07,0x07,0x07,0x07,0x08,0x08,0x08,0x08,0x00,0x64,0x64,0x64,0x64,0x50,0x50,0x50,0x50,0x3C,0x3C,0x3C,0x3C,0x28,0x28,0x28,0x28,0x00,0x0424,0x0424,0x0424,0x0424,0x0199,0x0199,0xC8,0x38,0x00,0x00,0x00,0x00,0x00,0x00,0x00,0x00,0x00,0x00,0x00,0x00,0xFF,0xFF,0x00,0x00,0x01,0x00,0x01C0,0x019E,0x01,0x00,0x00,0xFF,0x00,0x1D,0x00,0x00
3A  ,0x081C3380,0x3C,0x68,0x3E,0xC9,0x00,0x00,0x00,0x00,0x00,0x00,0x00,0x01,0x00,0x00,0x00,0x0234,0xFFFF,0xFFFF,0xFFFF,0xFFFF,0xFFFF,0xFFFF,0xFFFF,0xFFFF,0xFFFF,0xFFFF,0xFFFF,0x32,0x00,0x00,0x00,0x00,0x00,0x00,0x00,0x00,0x00,0x00,0x00,0x00,0x00,0x00,0x00,0x00,0x00,0x00,0x00,0x00,0x00,0x00,0x00,0x00,0x00,0x00,0x00,0x00,0x00,0x00,0x00,0x00,0x00,0x00,0x00,0x00,0x00,0x00,0x00,0x00,0x00,0x00,0x00,0x00,0x00,0x00,0x00,0x00,0x00,0x00,0x00,0x00,0x00,0x00,0xFF,0xFF,0x00,0x00,0x00,0x00,0x00,0x00,0x00,0x00,0x00,0xFF,0x00,0x00,0x00,0x00
3B  ,0x081C33B4,0x18,0x48,0x1A,0xCA,0x1C,0x00,0x00,0x00,0x00,0x00,0x00,0x01,0x00,0x00,0x04,0x0234,0x09,0x13,0x0F,0x09,0x13,0x0F,0xFFFF,0xFFFF,0x0B,0xFFFF,0xFFFF,0x32,0x05,0x05,0x05,0x05,0x06,0x06,0x06,0x06,0x07,0x07,0x07,0x07,0x08,0x08,0x08,0x08,0x00,0x64,0x64,0x64,0x64,0x50,0x50,0x50,0x50,0x3C,0x3C,0x3C,0x3C,0x28,0x28,0x28,0x28,0x00,0x0424,0x0424,0x0424,0x0424,0x00,0x00,0xCB,0x00,0x00,0x00,0x00,0x00,0x00,0x00,0x00,0x00,0x00,0x00,0x00,0x00,0xFF,0xFF,0x00,0x00,0x00,0x01,0x01C0,0x019E,0x01,0x00,0x00,0xFF,0x00,0x09,0x00,0x00
3C  ,0x081C33B8,0x88,0x89,0x8A,0xCC,0x00,0x00,0x00,0x00,0x00,0x00,0x00,0x01,0x00,0x00,0x04,0x0234,0x09,0x13,0x0F,0x09,0x13,0x0F,0xFFFF,0xFFFF,0x0B,0xFFFF,0xFFFF,0x32,0x05,0x05,0x05,0x05,0x06,0x06,0x06,0x06,0x07,0x07,0x07,0x07,0x08,0x08,0x08,0x08,0x00,0x64,0x64,0x64,0x64,0x50,0x50,0x50,0x50,0x3C,0x3C,0x3C,0x3C,0x28,0x28,0x28,0x28,0x00,0x0424,0x0424,0x0424,0x0424,0x00,0x00,0xCD,0x00,0x00,0x00,0x00,0x00,0x00,0x00,0x00,0x00,0x00,0x00,0x00,0x00,0xFF,0xFF,0x00,0x00,0x00,0x00,0x01C0,0x019E,0x01,0x00,0x00,0xFF,0x00,0x09,0x00,0x00
3D Ch11 Creeping Darkness,0x081C33BC,0x3C,0xCE,0x3E,0xCF,0x00,0x00,0xD0,0x03,0x00,0x3D,0x00,0x01,0x00,0x00,0x0A,0x0234,0x11,0x18,0x0F,0x11,0x18,0x0F,0xFFFF,0xFFFF,0x0B,0xFFFF,0xFFFF,0x32,0x05,0x05,0x05,0x05,0x06,0x06,0x06,0x06,0x07,0x07,0x07,0x07,0x08,0x08,0x08,0x08,0x00,0x64,0x64,0x64,0x64,0x50,0x50,0x50,0x50,0x3C,0x3C,0x3C,0x3C,0x28,0x28,0x28,0x28,0x00,0x0424,0x0424,0x0424,0x0424,0x019A,0x019A,0xD1,0x39,0x00,0x00,0x00,0x00,0x00,0x00,0x00,0x00,0x00,0x00,0x16,0x00,0xFF,0xFF,0x00,0x00,0x01,0x00,0x01AE,0x019E,0x01,0x00,0x00,0xFF,0x00,0x1A,0x00,0x00
3E Ch25 Phantom Ship,0x081C33C4,0x0E,0x72,0x10,0xD2,0xD3,0x00,0xD4,0x03,0x00,0x3E,0x00,0x01,0x00,0x00,0x08,0x0234,0x11,0x18,0x0F,0x11,0x18,0x0F,0xFFFF,0xFFFF,0x0B,0xFFFF,0xFFFF,0x32,0x05,0x05,0x05,0x05,0x06,0x06,0x06,0x06,0x07,0x07,0x07,0x07,0x08,0x08,0x08,0x08,0x00,0x64,0x64,0x64,0x64,0x50,0x50,0x50,0x50,0x3C,0x3C,0x3C,0x3C,0x28,0x28,0x28,0x28,0x00,0x0424,0x0424,0x0424,0x0424,0x019B,0x019B,0xD5,0x3A,0x00,0x00,0x00,0x00,0x00,0x00,0x00,0x00,0x00,0x00,0x32,0x00,0xFF,0xFF,0x00,0x00,0x01,0x01,0x01BC,0x019E,0x01,0x00,0x00,0xFF,0x00,0x08,0x00,0x00
3F  ,0x081C3380,0x88,0x89,0x8A,0xD6,0x00,0x00,0x00,0x00,0x00,0x00,0x00,0x01,0x00,0x00,0x00,0x00,0xFFFF,0xFFFF,0xFFFF,0xFFFF,0xFFFF,0xFFFF,0xFFFF,0xFFFF,0xFFFF,0xFFFF,0xFFFF,0x32,0x00,0x00,0x00,0x00,0x00,0x00,0x00,0x00,0x00,0x00,0x00,0x00,0x00,0x00,0x00,0x00,0x00,0x00,0x00,0x00,0x00,0x00,0x00,0x00,0x00,0x00,0x00,0x00,0x00,0x00,0x00,0x00,0x00,0x00,0x00,0x00,0x00,0x00,0x00,0x00,0xC5,0x00,0x00,0x00,0x00,0x00,0x00,0x00,0x00,0x00,0x00,0x00,0x00,0x00,0xFF,0xFF,0x00,0x00,0x00,0x00,0x00,0x00,0x00,0x00,0x00,0xFF,0x00,0x00,0x00,0x00
40 Ch6x Interlude: Departure,0x081C3380,0x18,0x48,0x1A,0xD7,0x00,0x00,0x00,0x00,0x00,0x37,0x00,0x01,0x00,0x00,0x00,0x00,0xBB,0xFFFF,0xFFFF,0xFFFF,0xFFFF,0xFFFF,0xFFFF,0xFFFF,0xFFFF,0xFFFF,0xFFFF,0x32,0x00,0x00,0x00,0x00,0x00,0x00,0x00,0x00,0x00,0x00,0x00,0x00,0x00,0x00,0x00,0x00,0x00,0x00,0x00,0x00,0x00,0x00,0x00,0x00,0x00,0x00,0x00,0x00,0x00,0x00,0x00,0x00,0x00,0x00,0x00,0x00,0x00,0x00,0x10AE,0x10AE,0xC2,0x00,0x00,0x00,0x00,0x00,0x00,0x00,0x00,0x00,0x00,0x00,0x0D,0x00,0xFF,0xFF,0x00,0x00,0x00,0x01,0x10AF,0x10B0,0x04,0x00,0x00,0xFF,0x00,0x00,0x00,0x00
41,0x081C3380,0x2E,0x34,0x30,0xD8,0x00,0x00,0x00,0x00,0x00,0x00,0x00,0x01,0x00,0x00,0x00,0x00,0xFFFF,0xFFFF,0xFFFF,0xFFFF,0xFFFF,0xFFFF,0xFFFF,0xFFFF,0xFFFF,0xFFFF,0xFFFF,0x32,0x00,0x00,0x00,0x00,0x00,0x00,0x00,0x00,0x00,0x00,0x00,0x00,0x00,0x00,0x00,0x00,0x00,0x00,0x00,0x00,0x00,0x00,0x00,0x00,0x00,0x00,0x00,0x00,0x00,0x00,0x00,0x00,0x00,0x00,0x00,0x00,0x00,0x00,0x00,0x00,0xC5,0x00,0x00,0x00,0x00,0x00,0x00,0x00,0x00,0x00,0x00,0x00,0x00,0x00,0xFF,0xFF,0x00,0x00,0x00,0x00,0x00,0x00,0x00,0x00,0x00,0xFF,0x00,0x00,0x00,0x00
42,0x081C3380,0x18,0x48,0x1A,0xD9,0x1C,0x00,0xDA,0x00,0x00,0x00,0x00,0x01,0x00,0x00,0x00,0x00,0xFFFF,0xFFFF,0xFFFF,0xFFFF,0xFFFF,0xFFFF,0xFFFF,0xFFFF,0xFFFF,0xFFFF,0xFFFF,0x32,0x00,0x00,0x00,0x00,0x00,0x00,0x00,0x00,0x00,0x00,0x00,0x00,0x00,0x00,0x00,0x00,0x00,0x00,0x00,0x00,0x00,0x00,0x00,0x00,0x00,0x00,0x00,0x00,0x00,0x00,0x00,0x00,0x00,0x00,0x00,0x00,0x00,0x00,0x00,0x00,0xC5,0x00,0x00,0x00,0x00,0x00,0x00,0x00,0x00,0x00,0x00,0x00,0x00,0x00,0xFF,0xFF,0x00,0x00,0x00,0x00,0x00,0x00,0x00,0x00,0x00,0xFF,0x00,0x00,0x00,0x00
43,0x081C3380,0x18,0x48,0x1A,0xDB,0x1C,0x00,0x00,0x00,0x00,0x00,0x00,0x01,0x00,0x00,0x00,0x00,0xFFFF,0xFFFF,0xFFFF,0xFFFF,0xFFFF,0xFFFF,0xFFFF,0xFFFF,0xFFFF,0xFFFF,0xFFFF,0x32,0x00,0x00,0x00,0x00,0x00,0x00,0x00,0x00,0x00,0x00,0x00,0x00,0x00,0x00,0x00,0x00,0x00,0x00,0x00,0x00,0x00,0x00,0x00,0x00,0x00,0x00,0x00,0x00,0x00,0x00,0x00,0x00,0x00,0x00,0x00,0x00,0x00,0x00,0x00,0x00,0xC5,0x00,0x00,0x00,0x00,0x00,0x00,0x00,0x00,0x00,0x00,0x00,0x00,0x00,0xFF,0xFF,0x00,0x00,0x00,0x00,0x00,0x00,0x00,0x00,0x00,0xFF,0x00,0x00,0x00,0x00
44,0x081C3380,0x18,0x19,0x1A,0xDC,0x1C,0x00,0x00,0x00,0x00,0x00,0x00,0x01,0x00,0x00,0x00,0x00,0xFFFF,0xFFFF,0xFFFF,0xFFFF,0xFFFF,0xFFFF,0xFFFF,0xFFFF,0xFFFF,0xFFFF,0xFFFF,0x32,0x00,0x00,0x00,0x00,0x00,0x00,0x00,0x00,0x00,0x00,0x00,0x00,0x00,0x00,0x00,0x00,0x00,0x00,0x00,0x00,0x00,0x00,0x00,0x00,0x00,0x00,0x00,0x00,0x00,0x00,0x00,0x00,0x00,0x00,0x00,0x00,0x00,0x00,0x00,0x00,0xC5,0x00,0x00,0x00,0x00,0x00,0x00,0x00,0x00,0x00,0x00,0x00,0x00,0x00,0xFF,0xFF,0x00,0x00,0x00,0x00,0x00,0x00,0x00,0x00,0x00,0xFF,0x00,0x00,0x00,0x00
45,0x081C3380,0x01,0x02,0x03,0xDD,0x05,0x00,0x00,0x00,0x00,0x00,0x00,0x01,0x00,0x00,0x00,0x00,0xFFFF,0xFFFF,0xFFFF,0xFFFF,0xFFFF,0xFFFF,0xFFFF,0xFFFF,0xFFFF,0xFFFF,0xFFFF,0x32,0x00,0x00,0x00,0x00,0x00,0x00,0x00,0x00,0x00,0x00,0x00,0x00,0x00,0x00,0x00,0x00,0x00,0x00,0x00,0x00,0x00,0x00,0x00,0x00,0x00,0x00,0x00,0x00,0x00,0x00,0x00,0x00,0x00,0x00,0x00,0x00,0x00,0x00,0x00,0x00,0xC5,0x00,0x00,0x00,0x00,0x00,0x00,0x00,0x00,0x00,0x00,0x00,0x00,0x00,0xFF,0xFF,0x00,0x00,0x00,0x00,0x00,0x00,0x00,0x00,0x00,0xFF,0x00,0x00,0x00,0x00
46,0x081C3380,0x79,0x7A,0x7B,0xDE,0x7D,0x00,0xDF,0x00,0x00,0x00,0x00,0x01,0x00,0x00,0x00,0x00,0xFFFF,0xFFFF,0xFFFF,0xFFFF,0xFFFF,0xFFFF,0xFFFF,0xFFFF,0xFFFF,0xFFFF,0xFFFF,0x32,0x00,0x00,0x00,0x00,0x00,0x00,0x00,0x00,0x00,0x00,0x00,0x00,0x00,0x00,0x00,0x00,0x00,0x00,0x00,0x00,0x00,0x00,0x00,0x00,0x00,0x00,0x00,0x00,0x00,0x00,0x00,0x00,0x00,0x00,0x00,0x00,0x00,0x00,0x00,0x00,0xC5,0x00,0x00,0x00,0x00,0x00,0x00,0x00,0x00,0x00,0x00,0x00,0x00,0x00,0xFF,0xFF,0x00,0x00,0x00,0x00,0x00,0x00,0x00,0x00,0x00,0xFF,0x00,0x00,0x00,0x00
47,0x081C3380,0x18,0x48,0x1A,0xE0,0x1C,0x00,0xE1,0x00,0x00,0x00,0x00,0x01,0x00,0x00,0x00,0x00,0xFFFF,0xFFFF,0xFFFF,0xFFFF,0xFFFF,0xFFFF,0xFFFF,0xFFFF,0xFFFF,0xFFFF,0xFFFF,0x32,0x00,0x00,0x00,0x00,0x00,0x00,0x00,0x00,0x00,0x00,0x00,0x00,0x00,0x00,0x00,0x00,0x00,0x00,0x00,0x00,0x00,0x00,0x00,0x00,0x00,0x00,0x00,0x00,0x00,0x00,0x00,0x00,0x00,0x00,0x00,0x00,0x00,0x00,0x00,0x00,0xC5,0x00,0x00,0x00,0x00,0x00,0x00,0x00,0x00,0x00,0x00,0x00,0x00,0x00,0xFF,0xFF,0x00,0x00,0x00,0x00,0x00,0x00,0x00,0x00,0x00,0xFF,0x00,0x00,0x00,0x00
48,0x081C3380,0x18,0x57,0x1A,0xE2,0x1C,0x00,0xE3,0x00,0x00,0x00,0x00,0x01,0x00,0x00,0x00,0x00,0xFFFF,0xFFFF,0xFFFF,0xFFFF,0xFFFF,0xFFFF,0xFFFF,0xFFFF,0xFFFF,0xFFFF,0xFFFF,0x32,0x00,0x00,0x00,0x00,0x00,0x00,0x00,0x00,0x00,0x00,0x00,0x00,0x00,0x00,0x00,0x00,0x00,0x00,0x00,0x00,0x00,0x00,0x00,0x00,0x00,0x00,0x00,0x00,0x00,0x00,0x00,0x00,0x00,0x00,0x00,0x00,0x00,0x00,0x00,0x00,0xC5,0x00,0x00,0x00,0x00,0x00,0x00,0x00,0x00,0x00,0x00,0x00,0x00,0x00,0xFF,0xFF,0x00,0x00,0x00,0x00,0x00,0x00,0x00,0x00,0x00,0xFF,0x00,0x00,0x00,0x00
49,0x081C3380,0x01,0x02,0x03,0xE4,0x05,0x00,0x00,0x00,0x00,0x00,0x00,0x01,0x00,0x00,0x00,0x00,0xFFFF,0xFFFF,0xFFFF,0xFFFF,0xFFFF,0xFFFF,0xFFFF,0xFFFF,0xFFFF,0xFFFF,0xFFFF,0x32,0x00,0x00,0x00,0x00,0x00,0x00,0x00,0x00,0x00,0x00,0x00,0x00,0x00,0x00,0x00,0x00,0x00,0x00,0x00,0x00,0x00,0x00,0x00,0x00,0x00,0x00,0x00,0x00,0x00,0x00,0x00,0x00,0x00,0x00,0x00,0x00,0x00,0x00,0x00,0x00,0xC5,0x00,0x00,0x00,0x00,0x00,0x00,0x00,0x00,0x00,0x00,0x00,0x00,0x00,0xFF,0xFF,0x00,0x00,0x00,0x00,0x00,0x00,0x00,0x00,0x00,0xFF,0x00,0x00,0x00,0x00
4A  ,0x081C3380,0x3C,0x68,0x3E,0xE5,0x00,0x00,0x00,0x00,0x00,0x00,0x00,0x01,0x00,0x00,0x00,0x00,0xFFFF,0xFFFF,0xFFFF,0xFFFF,0xFFFF,0xFFFF,0xFFFF,0xFFFF,0xFFFF,0xFFFF,0xFFFF,0x32,0x00,0x00,0x00,0x00,0x00,0x00,0x00,0x00,0x00,0x00,0x00,0x00,0x00,0x00,0x00,0x00,0x00,0x00,0x00,0x00,0x00,0x00,0x00,0x00,0x00,0x00,0x00,0x00,0x00,0x00,0x00,0x00,0x00,0x00,0x00,0x00,0x00,0x00,0x00,0x00,0xC5,0x00,0x00,0x00,0x00,0x00,0x00,0x00,0x00,0x00,0x00,0x00,0x00,0x00,0xFF,0xFF,0x00,0x00,0x00,0x00,0x00,0x00,0x00,0x00,0x00,0xFF,0x00,0x00,0x00,0x00
4B  ,0x081C3380,0x79,0xE6,0x7B,0xE7,0x7D,0x00,0x00,0x00,0x00,0x00,0x00,0x01,0x00,0x00,0x00,0x00,0xFFFF,0xFFFF,0xFFFF,0xFFFF,0xFFFF,0xFFFF,0xFFFF,0xFFFF,0xFFFF,0xFFFF,0xFFFF,0x32,0x00,0x00,0x00,0x00,0x00,0x00,0x00,0x00,0x00,0x00,0x00,0x00,0x00,0x00,0x00,0x00,0x00,0x00,0x00,0x00,0x00,0x00,0x00,0x00,0x00,0x00,0x00,0x00,0x00,0x00,0x00,0x00,0x00,0x00,0x00,0x00,0x00,0x00,0x00,0x00,0xC5,0x00,0x00,0x00,0x00,0x00,0x00,0x00,0x00,0x00,0x00,0x00,0x00,0x00,0xFF,0xFF,0x00,0x00,0x00,0x00,0x00,0x00,0x00,0x00,0x00,0xFF,0x00,0x00,0x00,0x00
4C  ,0x081C3380,0x01,0x02,0x03,0xE8,0x05,0x00,0x00,0x00,0x00,0x00,0x00,0x01,0x00,0x00,0x00,0x00,0xFFFF,0xFFFF,0xFFFF,0xFFFF,0xFFFF,0xFFFF,0xFFFF,0xFFFF,0xFFFF,0xFFFF,0xFFFF,0x32,0x00,0x00,0x00,0x00,0x00,0x00,0x00,0x00,0x00,0x00,0x00,0x00,0x00,0x00,0x00,0x00,0x00,0x00,0x00,0x00,0x00,0x00,0x00,0x00,0x00,0x00,0x00,0x00,0x00,0x00,0x00,0x00,0x00,0x00,0x00,0x00,0x00,0x00,0x00,0x00,0xC5,0x00,0x00,0x00,0x00,0x00,0x00,0x00,0x00,0x00,0x00,0x00,0x00,0x00,0xFF,0xFF,0x00,0x00,0x00,0x00,0x00,0x00,0x00,0x00,0x00,0xFF,0x00,0x00,0x00,0x00
4D  ,0x081C3380,0x79,0x7A,0x7B,0xE9,0x7D,0x00,0x00,0x00,0x00,0x00,0x00,0x01,0x00,0x00,0x00,0x00,0xFFFF,0xFFFF,0xFFFF,0xFFFF,0xFFFF,0xFFFF,0xFFFF,0xFFFF,0xFFFF,0xFFFF,0xFFFF,0x32,0x00,0x00,0x00,0x00,0x00,0x00,0x00,0x00,0x00,0x00,0x00,0x00,0x00,0x00,0x00,0x00,0x00,0x00,0x00,0x00,0x00,0x00,0x00,0x00,0x00,0x00,0x00,0x00,0x00,0x00,0x00,0x00,0x00,0x00,0x00,0x00,0x00,0x00,0x00,0x00,0xC5,0x00,0x00,0x00,0x00,0x00,0x00,0x00,0x00,0x00,0x00,0x00,0x00,0x00,0xFF,0xFF,0x00,0x00,0x00,0x00,0x00,0x00,0x00,0x00,0x00,0xFF,0x00,0x00,0x00,0x00
4E  ,0x081C3380,0x0E,0xEA,0x10,0xEB,0x12,0x00,0x00,0x00,0x00,0x00,0x00,0x01,0x00,0x00,0x00,0x00,0xFFFF,0xFFFF,0xFFFF,0xFFFF,0xFFFF,0xFFFF,0xFFFF,0xFFFF,0xFFFF,0xFFFF,0xFFFF,0x32,0x00,0x00,0x00,0x00,0x00,0x00,0x00,0x00,0x00,0x00,0x00,0x00,0x00,0x00,0x00,0x00,0x00,0x00,0x00,0x00,0x00,0x00,0x00,0x00,0x00,0x00,0x00,0x00,0x00,0x00,0x00,0x00,0x00,0x00,0x00,0x00,0x00,0x00,0x00,0x00,0xC5,0x00,0x00,0x00,0x00,0x00,0x00,0x00,0x00,0x00,0x00,0x00,0x00,0x00,0xFF,0xFF,0x00,0x00,0x00,0x00,0x00,0x00,0x00,0x00,0x00,0xFF,0x00,0x00,0x00,0x00
